name,lon,lat
2268201048.0,-8.6207986,41.1443541
2268201056.0,-8.6208344,41.1446235
2293432417.0,-8.5999212,41.1426491
2268201061.0,-8.6208259,41.144445
2268201064.0,-8.6208576,41.1442114
2208891042.0,-8.6070494,41.1459887
2208891059.0,-8.6071094,41.1461494
1554874570.0,-8.6074486,41.1441677
2208891083.0,-8.6074139,41.1454385
128680158.0,-8.617693,41.1463677
2208891134.0,-8.607024,41.1447631
4604821831.0,-8.6019841,41.1427087
4604821832.0,-8.6017334,41.1425698
501252472.0,-8.6092494,41.15581
501252476.0,-8.608839,41.155708
501252500.0,-8.6084236,41.1555352
501252536.0,-8.607678,41.155668
1887601114.0,-8.6062453,41.1552532
4608623070.0,-8.6032205,41.1454323
1887601133.0,-8.6060346,41.155816
1887601134.0,-8.6054379,41.153538
501252596.0,-8.6083452,41.155921
1684865532.0,-8.6225269,41.1446383
501252606.0,-8.6088248,41.1560266
1684865542.0,-8.6206422,41.1473629
501252622.0,-8.60873,41.156254
2273280610.0,-8.6180644,41.1472052
474677911.0,-8.6142468,41.1575429
474677919.0,-8.6137372,41.15688
474677934.0,-8.6130665,41.1566312
2213380800.0,-8.6164894,41.1444423
1676280555.0,-8.6112234,41.1494158
2269315823.0,-8.6219047,41.1445264
2269315826.0,-8.6220859,41.1444528
1676280584.0,-8.6099174,41.1507614
2364998422.0,-8.6113343,41.1499899
2053571360.0,-8.600005,41.1516924
2053571362.0,-8.5992234,41.1521085
137888646.0,-8.6052609,41.1433419
3563651996.0,-8.600525,41.1508026
3563651997.0,-8.6004815,41.150795
3563651998.0,-8.600191,41.1507577
3563651993.0,-8.6006356,41.1505522
2478900152.0,-8.6196676,41.141534
2478900160.0,-8.6202318,41.1424899
2478900174.0,-8.6196327,41.1416269
2478900184.0,-8.6205259,41.1422036
2383414242.0,-8.6162604,41.1488617
2383414260.0,-8.6161958,41.1487349
2937881611.0,-8.6068336,41.1515061
2383414313.0,-8.615793,41.1482424
2352579647.0,-8.6064014,41.1483116
2352579657.0,-8.6062874,41.1482752
2352579674.0,-8.6063151,41.148274
2352579678.0,-8.6063755,41.1482942
2213218016.0,-8.6183486,41.1431616
6591874889.0,-8.6091741,41.1437332
6591874893.0,-8.6093076,41.1432189
2053572447.0,-8.5991136,41.1525038
2375419752.0,-8.6060337,41.1497915
2257651621.0,-8.6211951,41.1440057
2213447626.0,-8.616863,41.1448501
2211383251.0,-8.6159468,41.1433181
475564016.0,-8.6190967,41.1419378
974882842.0,-8.6157974,41.152686
974882854.0,-8.6169171,41.1525907
6537250868.0,-8.6172601,41.1449912
6537250869.0,-8.6174471,41.1449606
6640306230.0,-8.6135871,41.1459874
6537250871.0,-8.6178184,41.1465116
6640306233.0,-8.6124093,41.145677
6537250872.0,-8.6177315,41.1465261
6537250873.0,-8.6176465,41.1465401
2214758550.0,-8.6135664,41.1458156
2214758555.0,-8.6154863,41.1455162
2214758559.0,-8.6133804,41.1458802
4608887036.0,-8.601272,41.14452
4608887037.0,-8.6011753,41.1443138
4608887038.0,-8.6012009,41.1444214
4608887039.0,-8.6012025,41.144502
4608887040.0,-8.6011822,41.1444239
4608887042.0,-8.6012257,41.1445275
2934475018.0,-8.6090043,41.1509172
2976647543.0,-8.6054288,41.1509127
3457190272.0,-8.6147043,41.1428346
5327096246.0,-8.6057545,41.1498617
3694660030.0,-8.6069947,41.1520311
5327096257.0,-8.6058067,41.1497183
5327096253.0,-8.6058713,41.1497511
5673028053.0,-8.6201337,41.1477301
2257717729.0,-8.6213466,41.1435637
2257717760.0,-8.6210327,41.1433648
2207582729.0,-8.6169073,41.141155
2365622793.0,-8.6098918,41.1499855
2365622809.0,-8.6099339,41.1502677
6545541668.0,-8.61252,41.1439686
6545541669.0,-8.6124069,41.1438683
6545541675.0,-8.6124246,41.143885
2207418932.0,-8.6146391,41.1410216
6545541744.0,-8.6110473,41.145688
6545541745.0,-8.6110394,41.1456999
6545541747.0,-8.6109734,41.1456722
111479507.0,-8.6164684,41.1404984
111479509.0,-8.6161892,41.14049
4925459192.0,-8.6108674,41.14385
4925459193.0,-8.6106485,41.1442404
2053573404.0,-8.5990823,41.1530352
2904525627.0,-8.6100538,41.1517963
475073406.0,-8.6177366,41.1571931
1278184335.0,-8.6063779,41.149924
475073423.0,-8.6175832,41.1571459
475073428.0,-8.6160759,41.1567234
1278184346.0,-8.6094872,41.1491375
1278184350.0,-8.6070875,41.1485299
4529130474.0,-8.6122012,41.1459202
4529130475.0,-8.61229,41.1459112
4529130485.0,-8.61535,41.1427072
4529130486.0,-8.6153053,41.1427101
4529130487.0,-8.6152063,41.142712
2086439968.0,-8.6144969,41.1458731
2086439969.0,-8.6144557,41.1458843
2086439970.0,-8.6145291,41.1459462
6571265130.0,-8.6107134,41.1423884
6571265131.0,-8.6106374,41.1423716
6571265165.0,-8.6106608,41.145583
6571265182.0,-8.610605,41.1433694
2466286885.0,-8.6110491,41.1430861
2940931372.0,-8.6068184,41.1522933
2086440304.0,-8.6141722,41.1459615
2256047593.0,-8.6188265,41.1416912
2356350474.0,-8.6142603,41.1424722
2356350502.0,-8.6140174,41.1424932
2896727653.0,-8.610089,41.1519499
3698101866.0,-8.6039968,41.1483147
3698101867.0,-8.6037721,41.1483539
5284368066.0,-8.6060983,41.1535462
5284368067.0,-8.6061011,41.1534645
5284368076.0,-8.6119105,41.1552348
2218430228.0,-8.6070947,41.1438068
2218430236.0,-8.6070431,41.1438989
2218430244.0,-8.6071202,41.1437614
2218430250.0,-8.6069754,41.1439628
2218430251.0,-8.6070197,41.1439406
2218430261.0,-8.607069,41.1438526
2383318843.0,-8.6172099,41.1472441
2383318850.0,-8.6172195,41.1472972
2383318851.0,-8.6171371,41.1482789
2383318859.0,-8.6174294,41.1486536
2383318861.0,-8.6172963,41.147762
2383318871.0,-8.6173192,41.147889
2383318877.0,-8.617337,41.1479932
3690631033.0,-8.6060744,41.1518292
3690631035.0,-8.6061881,41.1518636
2213482387.0,-8.6155773,41.1453455
2213482399.0,-8.6146827,41.1456082
2367000478.0,-8.607835,41.1486873
7138316199.0,-8.6096561,41.1407371
138252202.0,-8.6001177,41.1569212
7138316205.0,-8.6100358,41.1406621
7138316208.0,-8.6097902,41.1407117
7138316204.0,-8.6098299,41.1407039
2213482422.0,-8.6137905,41.1458138
2213482428.0,-8.6147095,41.1456678
3897692178.0,-8.6179097,41.1567573
4529131591.0,-8.61452,41.1417095
4529131593.0,-8.6146518,41.1416497
4529131594.0,-8.6153983,41.1416878
4529131595.0,-8.6153982,41.141645
4529131597.0,-8.615312,41.1417127
4529131596.0,-8.6153995,41.1416019
4529131598.0,-8.61519,41.1417116
4529131599.0,-8.6153573,41.1415638
4529131600.0,-8.6153141,41.1415628
4529131601.0,-8.6152674,41.1415635
138252374.0,-8.5990585,41.1568221
4529131602.0,-8.6151906,41.1416599
4529131608.0,-8.6153171,41.1409048
4529131607.0,-8.615356,41.1408931
4529131610.0,-8.6154135,41.1407472
4529131612.0,-8.6166557,41.1416682
4529131609.0,-8.6154343,41.140789
4529131611.0,-8.616656,41.1416258
2206208148.0,-8.611389,41.1439998
2466943132.0,-8.608975,41.1427106
2268205236.0,-8.6206429,41.1442644
2246086926.0,-8.6123577,41.1481119
2246086928.0,-8.61215,41.1482505
2273284449.0,-8.6201871,41.1459546
2255786343.0,-8.6177987,41.1411886
3695776123.0,-8.6062191,41.1509753
5476716943.0,-8.6096905,41.1466895
5476716945.0,-8.6068342,41.1469494
1419645372.0,-8.6205918,41.1548093
1419645377.0,-8.6198349,41.1550252
1419645378.0,-8.6195651,41.1553223
111481288.0,-8.613438,41.1414248
138220017.0,-8.6140966,41.1462121
138220019.0,-8.6147029,41.1465853
3688665649.0,-8.6032353,41.1495226
3385332308.0,-8.5990934,41.1416731
6550884952.0,-8.6123445,41.1438084
5054992986.0,-8.6120732,41.1536293
6550884953.0,-8.6122826,41.1437493
3385332316.0,-8.5999558,41.142616
6550884964.0,-8.6090628,41.1479013
6550884965.0,-8.6092779,41.1475265
138220134.0,-8.6137484,41.1476349
3385332336.0,-8.5999778,41.1434045
3385332338.0,-8.6004535,41.1439043
4199223989.0,-8.6145347,41.1411584
2300973756.0,-8.6018039,41.1433407
111481561.0,-8.6145205,41.1416486
4612022468.0,-8.6213016,41.1557722
4529953494.0,-8.6039407,41.1477338
2216334119.0,-8.6042084,41.142629
2216334178.0,-8.6046012,41.1423604
475796332.0,-8.6142852,41.1454394
475796338.0,-8.6142256,41.1450543
2218529670.0,-8.602358,41.1431823
2978059158.0,-8.6046971,41.1495851
3098121112.0,-8.6177892,41.1471934
2978059162.0,-8.6046665,41.1495784
2978059161.0,-8.604716,41.1495396
3098121116.0,-8.6178189,41.1463534
2978059160.0,-8.6046848,41.1495324
2218529690.0,-8.6021206,41.1432752
3098121120.0,-8.6178641,41.1470856
5576758241.0,-8.6031212,41.1542775
5576758242.0,-8.6032467,41.1543047
5576758243.0,-8.6031777,41.1544863
5576758244.0,-8.6037294,41.15379
5576758247.0,-8.6035668,41.1541684
4529953538.0,-8.6067582,41.1470144
5576758257.0,-8.6040864,41.1543922
111481848.0,-8.6153136,41.1416589
4529953544.0,-8.6103268,41.1462845
2204210203.0,-8.6095144,41.144901
2204210205.0,-8.6099753,41.143965
2204210208.0,-8.6091116,41.1427556
2204210210.0,-8.6100473,41.1415418
2375816260.0,-8.6094468,41.1502118
4529953561.0,-8.6133713,41.145844
4529953562.0,-8.6139849,41.1460257
4529953563.0,-8.6139735,41.1460059
2204210289.0,-8.6097499,41.1424442
4529953567.0,-8.6141699,41.1460953
2204210316.0,-8.6077726,41.1442919
2204210341.0,-8.6101815,41.1424494
5336503462.0,-8.6164191,41.1569338
5336503464.0,-8.6173054,41.1571833
5336503466.0,-8.6162671,41.1569818
2209977684.0,-8.6157824,41.1429123
5268149596.0,-8.6005585,41.1569555
3992982895.0,-8.6093182,41.146757
3992982896.0,-8.609307,41.1466543
1771990365.0,-8.6097218,41.1408406
4559181419.0,-8.6043416,41.1426875
2939688589.0,-8.6069045,41.1523114
2939688592.0,-8.6064105,41.1525078
2939688593.0,-8.6068534,41.1524122
4529952461.0,-8.6071739,41.1499665
4529952462.0,-8.6072979,41.1501604
4529952463.0,-8.6073278,41.1500855
4529952464.0,-8.6076889,41.1501696
4529952465.0,-8.6077449,41.1503378
4529952466.0,-8.6077079,41.1503294
4529952467.0,-8.6076658,41.1503191
4529952468.0,-8.607156,41.1502081
4529952469.0,-8.6071279,41.1501986
4529952470.0,-8.6070695,41.150182
4529952471.0,-8.6070319,41.1500962
4529952472.0,-8.6070505,41.15004
4529952473.0,-8.6064486,41.1498562
4529952474.0,-8.6064171,41.149847
4529952475.0,-8.6063803,41.149837
4529952477.0,-8.6058734,41.1498051
4529952481.0,-8.6078832,41.1488544
4529952482.0,-8.6077669,41.1488194
4529952483.0,-8.6077497,41.1487278
4529952484.0,-8.6077623,41.1487056
4529952485.0,-8.6079793,41.1488156
4529952486.0,-8.6079898,41.148795
4529952487.0,-8.608,41.1487758
4529952488.0,-8.6079234,41.1487152
3697678116.0,-8.6040151,41.1477099
3151894354.0,-8.6164061,41.1579351
475568036.0,-8.6193322,41.1424088
4996732855.0,-8.614591,41.1417712
475404275.0,-8.6081468,41.1526881
475404277.0,-8.6084543,41.1527479
5849847797.0,-8.6077167,41.1423938
5849847800.0,-8.6084164,41.142427
5849847818.0,-8.6095399,41.1408427
4097873932.0,-8.6083804,41.1467478
4097873936.0,-8.6083561,41.1467856
5849847834.0,-8.6075396,41.1448724
5849847839.0,-8.6071284,41.1450105
5849847847.0,-8.6044808,41.1460914
3695777926.0,-8.6067121,41.1519588
3695777927.0,-8.6063226,41.1506531
4559346931.0,-8.6038188,41.1423423
2257492183.0,-8.6201407,41.1441154
2379389153.0,-8.6151226,41.1473102
2383452386.0,-8.6155934,41.1485336
501225708.0,-8.6077617,41.1540216
2585565426.0,-8.6014812,41.1445202
137959671.0,-8.6015512,41.1472277
6509402364.0,-8.5992225,41.1495885
6509402365.0,-8.5996515,41.1499509
501225739.0,-8.6053339,41.1557283
2413467921.0,-8.6177556,41.1489942
2413467923.0,-8.618179,41.1490215
501225754.0,-8.605885,41.1552272
501225766.0,-8.6066392,41.1553064
501225787.0,-8.6059945,41.1569711
475568452.0,-8.6200047,41.1425597
501225800.0,-8.6069659,41.1553479
501225807.0,-8.6068318,41.156237
501225811.0,-8.606793,41.1565068
501225889.0,-8.6046039,41.1566451
2308839857.0,-8.6019385,41.1471305
4554496470.0,-8.6101268,41.1424087
138222054.0,-8.6133578,41.1453089
475568688.0,-8.6201203,41.1456564
2250873416.0,-8.617925,41.1560535
137992808.0,-8.6091622,41.1573499
475568776.0,-8.6194073,41.1460583
2211191456.0,-8.6159503,41.143303
2209225417.0,-8.6124161,41.1457284
2209225419.0,-8.6124411,41.1459721
4529953489.0,-8.6078921,41.1487047
4529953490.0,-8.6071008,41.1486308
4529953492.0,-8.6072003,41.1485636
2213321429.0,-8.6174467,41.1429945
4529953493.0,-8.6072102,41.1485462
4529953495.0,-8.603904,41.1477326
4529953491.0,-8.6070125,41.1486077
4529953497.0,-8.6040349,41.1476426
4529953498.0,-8.6039531,41.1475899
4529953499.0,-8.6039245,41.1475839
4529953500.0,-8.6038841,41.1475744
4529953501.0,-8.6027245,41.1473482
4529953496.0,-8.6040276,41.1476641
4529953503.0,-8.6027452,41.147302
4529953502.0,-8.6027374,41.1473202
3698039529.0,-8.6028556,41.1481241
2213321452.0,-8.6174181,41.143444
2213321456.0,-8.6173928,41.1434259
3698039528.0,-8.6031859,41.148061
4529953522.0,-8.6042629,41.1463507
4529953526.0,-8.604355,41.1464664
2213321463.0,-8.6177779,41.1431662
4529953527.0,-8.6043408,41.1464963
4529953528.0,-8.6043274,41.1465255
4529953530.0,-8.6037263,41.1465596
4529953531.0,-8.603713,41.1465327
4529953529.0,-8.6038271,41.1465984
4529953532.0,-8.6056158,41.1467928
4529953533.0,-8.605625,41.1467597
4529953534.0,-8.6056337,41.1467334
4529953535.0,-8.6069021,41.1470737
4529953537.0,-8.6069096,41.1470471
4529953539.0,-8.6087574,41.1472948
4529953540.0,-8.6086736,41.147278
4529953541.0,-8.6089888,41.1469101
4529953542.0,-8.6089052,41.1468776
4529953546.0,-8.610181,41.1461254
4529953547.0,-8.6101805,41.1461003
4529953543.0,-8.6097309,41.1465579
4529953545.0,-8.6102393,41.146217
4529953554.0,-8.6117955,41.146067
3092618005.0,-8.6086933,41.147333
2213321498.0,-8.6176403,41.1431129
4529953556.0,-8.6124473,41.1460073
4529953559.0,-8.6133897,41.145917
4529953570.0,-8.6183471,41.1447895
4529953571.0,-8.618313,41.1447898
4529953572.0,-8.6182222,41.1447006
4529953564.0,-8.6139595,41.1459815
4529953565.0,-8.6140898,41.1460821
4529953566.0,-8.6141141,41.1460861
4529953574.0,-8.6174159,41.1445092
4529953573.0,-8.6182295,41.1446629
3140361003.0,-8.6174921,41.1576574
475405130.0,-8.6066595,41.1518213
475405131.0,-8.6069718,41.1512397
475405136.0,-8.6071817,41.1516049
4927116730.0,-8.6021387,41.1426977
2301107045.0,-8.601516,41.1454251
2335873922.0,-8.6087335,41.1476018
3151895466.0,-8.616088,41.158005
513920936.0,-8.601595,41.158092
4526972104.0,-8.6116538,41.1462706
513920937.0,-8.59892,41.1575282
4526972107.0,-8.6112184,41.1462075
4526972108.0,-8.6113268,41.1467743
4526972109.0,-8.6113209,41.1467998
4526972112.0,-8.6112949,41.1469334
4526972113.0,-8.6112917,41.146949
4526972114.0,-8.6110075,41.1477471
4526972115.0,-8.6111212,41.1478328
4526972116.0,-8.6111125,41.1478666
4526972119.0,-8.6113244,41.1480198
2939690202.0,-8.606605,41.152455
4526972120.0,-8.6085463,41.1474831
2939690205.0,-8.6068608,41.1525351
4526972121.0,-8.6086005,41.1474952
4526972123.0,-8.6112537,41.1490984
4526972124.0,-8.6111368,41.1490979
4526972125.0,-8.611017,41.1493044
4526972126.0,-8.6106246,41.1492608
4526972129.0,-8.6104866,41.1489972
4526972130.0,-8.6103107,41.149095
4526972131.0,-8.61109,41.1499649
4526972132.0,-8.6111813,41.1500072
4526972133.0,-8.610304,41.1498924
4526972134.0,-8.61017,41.1499154
4526972135.0,-8.6101518,41.1507899
4526972136.0,-8.6100545,41.150741
4526972137.0,-8.6099644,41.1507352
4526972138.0,-8.6107923,41.1504375
4526972139.0,-8.609615,41.1513927
4526972140.0,-8.6095151,41.1513456
4526972141.0,-8.6099902,41.1518558
4526972142.0,-8.6099482,41.1519165
4526972143.0,-8.6098824,41.1519473
4526972144.0,-8.610294,41.1519081
4526972145.0,-8.6100523,41.1519432
4526972146.0,-8.6113989,41.1493328
4526972147.0,-8.6113769,41.1492882
4526972148.0,-8.6131653,41.1483109
4526972149.0,-8.6131698,41.1482805
4526972150.0,-8.6129897,41.1483344
4526972151.0,-8.6129504,41.1483344
4526972152.0,-8.6145848,41.1477973
4526972153.0,-8.6145526,41.1477861
4526972154.0,-8.614521,41.1477729
4526972155.0,-8.6149228,41.1473441
4526972156.0,-8.6148959,41.1473299
4526972157.0,-8.6148644,41.1473162
4526972158.0,-8.6151332,41.1471023
4526972159.0,-8.615232,41.1472404
4526972161.0,-8.615935,41.1472954
2383617325.0,-8.6157211,41.1473144
4554366262.0,-8.6119111,41.1407743
2204179799.0,-8.6092953,41.1442086
2383617372.0,-8.615328,41.1472555
4562460033.0,-8.6029762,41.142653
4552662441.0,-8.6108608,41.1436443
25632223.0,-8.616886,41.1501886
25632224.0,-8.6177711,41.1500662
25632225.0,-8.6176031,41.1515875
25632226.0,-8.6210612,41.1507186
25632227.0,-8.6212767,41.1516791
25632230.0,-8.6208752,41.1496431
2204179952.0,-8.6078862,41.1443105
2204179963.0,-8.6081318,41.146936
25632278.0,-8.6180312,41.1524873
25632279.0,-8.6179199,41.1522366
25632284.0,-8.6188807,41.1551988
25632285.0,-8.6133083,41.1541642
25632292.0,-8.6135935,41.1528719
25632293.0,-8.6132505,41.1537434
25632361.0,-8.6207549,41.1526088
25632362.0,-8.6226637,41.1477709
25632363.0,-8.6203514,41.1474495
2377948780.0,-8.6037436,41.1466032
25632366.0,-8.6138497,41.1516693
25632367.0,-8.6149639,41.1491595
25632368.0,-8.615614,41.1485895
25632371.0,-8.6202036,41.1476258
25632375.0,-8.6100176,41.1551969
25632376.0,-8.6101425,41.1518487
2377948792.0,-8.6037648,41.146612
25632398.0,-8.6067378,41.1509254
25632399.0,-8.6073894,41.1511073
25632400.0,-8.6077498,41.1502271
25632401.0,-8.6089109,41.1504849
25632402.0,-8.6094208,41.1501627
25632409.0,-8.605782,41.1497835
25632410.0,-8.6053649,41.1509574
25632411.0,-8.6042501,41.1509449
25632412.0,-8.6041093,41.1493955
25632414.0,-8.6050347,41.1518517
25632419.0,-8.6099839,41.1508997
25632422.0,-8.6104496,41.1491992
25632423.0,-8.6022297,41.1510098
25632424.0,-8.6036864,41.1509525
25632425.0,-8.6035241,41.1532611
25632426.0,-8.6024055,41.1532765
25632427.0,-8.6007815,41.1532733
25632428.0,-8.6011373,41.1510477
25632429.0,-8.600131,41.1510849
25632432.0,-8.6020829,41.1489819
25632433.0,-8.6031713,41.1491982
25632438.0,-8.6019049,41.148952
25632446.0,-8.6047458,41.1536304
25632447.0,-8.6046934,41.1548151
25632449.0,-8.6030065,41.1545668
25632450.0,-8.605549,41.1551062
25632454.0,-8.6062294,41.1535512
25632463.0,-8.6026294,41.155553
4559380170.0,-8.6036407,41.1425374
25632466.0,-8.599692,41.1532888
25632521.0,-8.5994778,41.1545295
138223440.0,-8.6135865,41.1452361
2246123398.0,-8.61317,41.1482409
137961403.0,-8.6001212,41.1477073
1143316537.0,-8.5989075,41.1534507
7134978138.0,-8.6178122,41.1446989
7134978139.0,-8.6175776,41.1449185
7134978141.0,-8.6178855,41.1447562
7134978142.0,-8.617596,41.1447361
7134978143.0,-8.6173308,41.1447316
7134978144.0,-8.6175484,41.1447045
7134978160.0,-8.6183244,41.1456562
7134978169.0,-8.6179602,41.1451938
7134978170.0,-8.6181366,41.1451682
7134978173.0,-8.6182028,41.1451585
7134978174.0,-8.6182654,41.1451485
3695911150.0,-8.6061311,41.1498658
3387597048.0,-8.6152285,41.1408037
3387597051.0,-8.6146916,41.1410021
2489426170.0,-8.6206096,41.1444362
3387597060.0,-8.6061068,41.1430844
2489426183.0,-8.6203898,41.1444274
3387597070.0,-8.6131694,41.1434927
3387597072.0,-8.6080864,41.1436297
3387597068.0,-8.6086671,41.1434078
3387597073.0,-8.6079178,41.1436863
3387597076.0,-8.6079074,41.1438209
2489426196.0,-8.6201134,41.1444162
3387597091.0,-8.6075748,41.1442157
3442647353.0,-8.6131551,41.1480043
137994581.0,-8.6081097,41.1574918
137994583.0,-8.6113301,41.1572106
4559346917.0,-8.6040558,41.1424359
4488733043.0,-8.6063181,41.1563774
4488733044.0,-8.6060293,41.1562829
4488733046.0,-8.6083039,41.1560573
4488733048.0,-8.6083608,41.1563741
4488733049.0,-8.6087191,41.1556228
4488733050.0,-8.6086631,41.1557251
4488733076.0,-8.6018935,41.1560506
137994655.0,-8.6066794,41.1583675
7421174189.0,-8.6057442,41.1447537
7421174192.0,-8.6059717,41.1443794
2904498647.0,-8.6095356,41.151399
2904498649.0,-8.6093734,41.1512074
6551282170.0,-8.6155006,41.1450885
1279795709.0,-8.6154679,41.142773
475406849.0,-8.6112468,41.1497737
475406853.0,-8.6102157,41.1496493
3695780373.0,-8.6067037,41.1517413
3695780374.0,-8.6066043,41.1516725
1548165654.0,-8.609133,41.1432109
1548165659.0,-8.6093482,41.1428425
7137534499.0,-8.6109271,41.1431095
7137534508.0,-8.610589,41.1436894
6489186862.0,-8.6019377,41.1555112
7137534524.0,-8.6106552,41.1439731
7137534525.0,-8.6105677,41.1439865
7137534526.0,-8.6108898,41.1439371
343646796.0,-8.617168,41.1506802
343646798.0,-8.615371,41.1513657
343646799.0,-8.6165772,41.1495588
343646800.0,-8.6164438,41.1492893
343646801.0,-8.6175418,41.149172
3690635855.0,-8.60882,41.150619
1548165843.0,-8.60316,41.1421469
2246222549.0,-8.6140516,41.1477221
2397184730.0,-8.6138295,41.1569202
137896681.0,-8.6052499,41.1456628
1548165860.0,-8.603993,41.14252
137896691.0,-8.6003403,41.1458134
1548165875.0,-8.6033282,41.1421555
137896693.0,-8.5991583,41.1458777
4753766320.0,-8.5990275,41.1497148
1548165901.0,-8.6004758,41.1427989
3387925269.0,-8.601646,41.1431696
1143317277.0,-8.6114313,41.1417564
314549177.0,-8.6169171,41.1448273
1143317472.0,-8.6103874,41.143401
3387597842.0,-8.6203007,41.146958
1143317532.0,-8.6000938,41.1540993
3387597853.0,-8.6045604,41.1492951
2934481960.0,-8.6076623,41.1502474
475571267.0,-8.6213298,41.1438241
2256217208.0,-8.6122635,41.1425088
2256217209.0,-8.612322,41.1426444
2205918391.0,-8.6126223,41.1424259
2205918409.0,-8.6132033,41.1424692
2205918477.0,-8.6126963,41.1424289
1143317790.0,-8.6111252,41.1415339
2366154016.0,-8.6095185,41.1494714
2366154037.0,-8.6096216,41.1493985
4199163206.0,-8.6192321,41.1446127
138225028.0,-8.6123569,41.1445963
3392939428.0,-8.6096778,41.1428113
3392939433.0,-8.6072865,41.1456785
3392939434.0,-8.6020242,41.147148
3392939436.0,-8.6080461,41.1472652
1277601207.0,-8.6100138,41.1408932
3392939454.0,-8.6094084,41.1482201
1143317949.0,-8.6184979,41.1568052
3392939455.0,-8.6079991,41.1485024
3392939459.0,-8.6081896,41.1488477
3392939460.0,-8.6084542,41.1489249
137831884.0,-8.6182871,41.1484675
3392939470.0,-8.6094343,41.1501003
137831888.0,-8.6180951,41.1480088
137831894.0,-8.6170345,41.1472553
137831895.0,-8.6164088,41.1471765
3392939480.0,-8.6096425,41.1506648
3392939485.0,-8.6085106,41.1510886
4554401287.0,-8.612753,41.1405767
4554401286.0,-8.6114386,41.1408086
4554401289.0,-8.6127221,41.1405651
4554401288.0,-8.6114212,41.1407303
4554401294.0,-8.6127557,41.1405446
2258183701.0,-8.6220991,41.144169
2725095084.0,-8.6150363,41.1513207
2725095088.0,-8.6150444,41.1512302
4556236525.0,-8.6083038,41.1427254
138225444.0,-8.6124637,41.1450421
2269685567.0,-8.6004389,41.1506435
2269685571.0,-8.6003531,41.1509543
2269685573.0,-8.6003316,41.1507726
2269685583.0,-8.6003165,41.151072
2533467991.0,-8.617786,41.1412189
475572176.0,-8.620439,41.1441751
475572177.0,-8.6202625,41.1441232
3392710659.0,-8.6117292,41.1405582
3392710660.0,-8.6157974,41.1406159
3392710666.0,-8.611097,41.1407691
1143318547.0,-8.6112656,41.1433017
3392710685.0,-8.6145032,41.1413858
3392710689.0,-8.6130631,41.1415571
5268154585.0,-8.6018986,41.156626
5268154586.0,-8.6021632,41.1566305
5268154590.0,-8.6019138,41.1565416
5268154593.0,-8.6018508,41.1565153
5268154595.0,-8.6019337,41.1564906
5268154597.0,-8.601769,41.1567289
1143318771.0,-8.5999968,41.1545335
4927269235.0,-8.6146192,41.1416494
475408774.0,-8.6098624,41.1487354
2489428512.0,-8.6204993,41.1445358
2489428514.0,-8.6206993,41.1446139
2489428516.0,-8.6206989,41.1445321
2247240229.0,-8.6174049,41.1472253
2489428517.0,-8.620829,41.1445344
1234709031.0,-8.6175756,41.1467336
1234709070.0,-8.6183043,41.148403
3392711298.0,-8.6189421,41.1418249
3392711302.0,-8.6145988,41.1428364
3392711311.0,-8.6111246,41.1435664
3392711320.0,-8.6138218,41.1458797
3392711321.0,-8.6137915,41.1458884
3392711333.0,-8.6152561,41.1476095
3392711334.0,-8.6182963,41.1480571
3392711339.0,-8.6178674,41.1486969
3392711344.0,-8.6185243,41.1497861
3392711349.0,-8.614754,41.1501282
3392711362.0,-8.6163492,41.1525042
2247371499.0,-8.6152912,41.1472197
2247371502.0,-8.6160532,41.1472758
3148917487.0,-8.604548,41.1578191
3148917490.0,-8.6032922,41.1579575
2273291010.0,-8.6193517,41.1479246
2273291018.0,-8.6199332,41.1477962
2884840234.0,-8.6157063,41.1526941
2884840235.0,-8.6156577,41.1524386
2247371573.0,-8.616978,41.1472046
2204347232.0,-8.6134074,41.1406203
2204347286.0,-8.6151112,41.1405907
2206247831.0,-8.6097285,41.1420405
3153341344.0,-8.6197807,41.1581274
3153341347.0,-8.6190086,41.1581141
285944799.0,-8.6183557,41.1480661
475573788.0,-8.6207199,41.1438615
1684843562.0,-8.6102414,41.1428333
3391597616.0,-8.6193616,41.1421211
3391597624.0,-8.6191648,41.1422886
3391597632.0,-8.6194772,41.1426904
3391597633.0,-8.6195229,41.1427048
3391597642.0,-8.6198949,41.1432874
3391597643.0,-8.6212837,41.1433979
3391597646.0,-8.6212016,41.1434703
3993021523.0,-8.6083487,41.1465655
3391597668.0,-8.6213241,41.1443581
2300816485.0,-8.6012984,41.1446167
2300816483.0,-8.6006525,41.1438025
2300816490.0,-8.6006023,41.1446998
2365172845.0,-8.6112763,41.1498617
1684843635.0,-8.6087158,41.1431844
475049092.0,-8.6224207,41.1579761
128560274.0,-8.6122303,41.1580559
128560275.0,-8.6126514,41.1573409
4554337472.0,-8.6122889,41.1406881
475573498.0,-8.619815,41.1430599
475573523.0,-8.6211474,41.1438593
6244576582.0,-8.6020691,41.155835
475737524.0,-8.6142624,41.1444735
6244576698.0,-8.602588,41.1556405
475737531.0,-8.6135417,41.1440033
6244576700.0,-8.6030765,41.1557863
1554886141.0,-8.6171093,41.146392
1554886142.0,-8.6167215,41.1461598
2299637251.0,-8.5991554,41.1428723
1684844050.0,-8.6136273,41.1459444
1554886166.0,-8.6165791,41.1461352
475573786.0,-8.6211006,41.1437642
1554886175.0,-8.6178874,41.1471843
2299637282.0,-8.5993562,41.1431278
475573787.0,-8.6207558,41.1438507
475573790.0,-8.6201189,41.1439643
2299637286.0,-8.5992748,41.1428127
2299637315.0,-8.5990709,41.1429854
1684844136.0,-8.6102893,41.1462586
2204282501.0,-8.6120271,41.1409491
2204282532.0,-8.6126857,41.1410574
475410116.0,-8.60811,41.1472781
475410118.0,-8.6075947,41.1481107
4559380164.0,-8.6035945,41.1423652
2204282614.0,-8.6127942,41.1409915
2257727225.0,-8.6213348,41.1438841
4925370111.0,-8.6104298,41.1437162
2257727232.0,-8.6213411,41.1440039
2273292142.0,-8.6196388,41.1461097
1684844412.0,-8.6151952,41.1472073
1684844430.0,-8.6153354,41.1472254
1684844453.0,-8.6145055,41.1478651
1684844512.0,-8.6160034,41.1482473
2505256994.0,-8.6111384,41.1409048
4025528392.0,-8.6107411,41.1459475
475410511.0,-8.6081345,41.1482742
2319986838.0,-8.6096808,41.1412294
4027068570.0,-8.607658,41.1447891
2204446891.0,-8.6130888,41.1433126
2204446901.0,-8.611156,41.1434866
6538408134.0,-8.6113031,41.1423228
6538408138.0,-8.611342,41.1428879
6538408145.0,-8.6113434,41.1429134
2204446937.0,-8.6135316,41.1428307
2204446946.0,-8.6111651,41.143318
6538408168.0,-8.6116541,41.1429709
2232529131.0,-8.6051426,41.1462464
1788784885.0,-8.6198235,41.1422183
1684844797.0,-8.6103432,41.149615
1684844803.0,-8.6111287,41.1497128
2204446981.0,-8.6129896,41.1431768
1684844811.0,-8.6114946,41.1498574
1684844816.0,-8.6114245,41.1499448
1788784916.0,-8.6032224,41.1425272
1788784923.0,-8.6202762,41.1427557
2204447005.0,-8.6112576,41.1435639
4614795578.0,-8.6045574,41.1448633
1788784962.0,-8.6176125,41.1445671
1788784965.0,-8.6173763,41.1445776
1788784968.0,-8.617959,41.1446618
475050311.0,-8.6225988,41.1558096
6329807257.0,-8.6078017,41.1535852
3153342961.0,-8.6185273,41.1581114
3153342963.0,-8.6191197,41.1584432
3153342964.0,-8.6193159,41.1584412
2247078391.0,-8.6164403,41.1461757
2464461320.0,-8.6095236,41.1506367
4562170440.0,-8.6029306,41.1422875
4562170441.0,-8.60282,41.1424744
2725098084.0,-8.6153097,41.1514083
2397188710.0,-8.616476,41.1568286
2397188711.0,-8.6174328,41.1559695
2397188712.0,-8.614258,41.1576311
2397188717.0,-8.6155362,41.1570256
2397188720.0,-8.6158306,41.1568928
2397188723.0,-8.6149852,41.1570826
3992990334.0,-8.6103681,41.1462121
129544876.0,-8.6135435,41.145891
2257662671.0,-8.6207601,41.1439593
2273227498.0,-8.6200311,41.1469271
2848371499.0,-8.6182329,41.1507102
5673235275.0,-8.6145197,41.1459263
5673235283.0,-8.6153544,41.1458677
5673235284.0,-8.6151565,41.1457335
5673235285.0,-8.615275,41.1458108
5673235290.0,-8.6147945,41.1461636
5673235291.0,-8.6149493,41.1461672
5673235292.0,-8.6151981,41.1466221
5673235312.0,-8.6150282,41.1467287
2208969600.0,-8.611091,41.1453315
2208969603.0,-8.6118437,41.1450642
7134983090.0,-8.6180157,41.1448051
2216473539.0,-8.6078538,41.1432634
7134983117.0,-8.6176583,41.1456806
6549747004.0,-8.6121487,41.1428285
2255834809.0,-8.6192822,41.1424489
2255834812.0,-8.6192425,41.1424875
2307175474.0,-8.6042246,41.1457722
7134786651.0,-8.6106991,41.1490528
7134786652.0,-8.617732,41.145979
7134786661.0,-8.6107859,41.1488515
7134786662.0,-8.6110073,41.1488759
7134786667.0,-8.6113086,41.1468638
7134786669.0,-8.6109415,41.1487175
7134786672.0,-8.611053,41.1481791
7134786675.0,-8.6110933,41.148007
7134786678.0,-8.6112172,41.1493535
7134786680.0,-8.610414,41.1492612
1274830123.0,-8.6082512,41.1428685
2365622708.0,-8.6099565,41.1503454
2213131478.0,-8.6175553,41.1424471
2213131483.0,-8.6179746,41.1421422
2213131485.0,-8.6176452,41.1422673
2217981203.0,-8.6180416,41.1421377
2848372007.0,-8.6185977,41.1513402
2213131570.0,-8.617537,41.142193
4492375365.0,-8.5993095,41.155455
6549747035.0,-8.6128389,41.1410664
1788786062.0,-8.6163984,41.1519658
1788786080.0,-8.6156984,41.1520208
6550893998.0,-8.6167698,41.1410415
6550893999.0,-8.6168589,41.1411491
1788786097.0,-8.61641,41.1520574
6550894003.0,-8.6170735,41.1412682
6550894001.0,-8.6169173,41.1411909
6550894013.0,-8.6168956,41.1411647
2849912284.0,-8.6152402,41.1513213
1788786155.0,-8.6157269,41.1521651
2273228336.0,-8.619923,41.146591
2273228341.0,-8.6197067,41.1464799
2273228359.0,-8.6199198,41.1467019
137868887.0,-8.6115766,41.1446603
1788786281.0,-8.6169009,41.1524595
2383427198.0,-8.6161472,41.1484705
1788786305.0,-8.61578,41.1525515
4972459687.0,-8.6015184,41.1570519
2884777653.0,-8.6157236,41.1515474
129545993.0,-8.6094979,41.1514773
4554372910.0,-8.6126081,41.1410212
4554372911.0,-8.6125735,41.1410659
137901873.0,-8.6019107,41.1464243
137901874.0,-8.6019425,41.1468373
2213066579.0,-8.6182341,41.1413892
4753766298.0,-8.5997123,41.1503511
4753766314.0,-8.5993831,41.1501338
5175588779.0,-8.608006,41.1429247
5175588780.0,-8.6080801,41.1428508
5175588781.0,-8.6080719,41.1431297
5175588782.0,-8.6081549,41.1431608
5175588783.0,-8.6084532,41.1430519
5175588784.0,-8.6084118,41.143144
5175588785.0,-8.608038,41.1428907
5175588787.0,-8.6084337,41.1430953
5175588788.0,-8.6081177,41.1431458
2216360362.0,-8.6041052,41.1427685
3688675381.0,-8.6032284,41.1494925
3688675382.0,-8.6032645,41.1494844
3688675383.0,-8.6032733,41.149515
4621547670.0,-8.6057225,41.1437299
4621547671.0,-8.6052338,41.1433967
3688773918.0,-8.6121209,41.1442612
2375437869.0,-8.6063702,41.1483759
1788787039.0,-8.6132878,41.1552594
2258254187.0,-8.6213387,41.1440319
2258254189.0,-8.6215032,41.144053
1788787056.0,-8.6120065,41.155031
1788787061.0,-8.6129451,41.1551071
1788787081.0,-8.613537,41.1553245
2896411045.0,-8.6108578,41.1503868
2896411050.0,-8.6103516,41.1503332
1788787115.0,-8.613285,41.1555082
1788787124.0,-8.6092344,41.155186
2356427207.0,-8.6153947,41.1407099
1788787195.0,-8.6056996,41.1558804
1788787223.0,-8.6176976,41.1560159
1788787242.0,-8.6178713,41.1562764
1788787262.0,-8.613948,41.1563163
138230335.0,-8.6104165,41.1434984
1788787287.0,-8.6140995,41.1563769
1788787319.0,-8.6138165,41.1565018
1788787340.0,-8.6139676,41.1565591
3554720401.0,-8.6107565,41.1452683
2255075997.0,-8.6183092,41.1447164
3554720424.0,-8.6116329,41.1460434
3554720425.0,-8.6113163,41.1460555
3554720432.0,-8.6097629,41.1465904
2247375538.0,-8.6171957,41.1472455
2247375546.0,-8.6160852,41.1473885
3554720444.0,-8.6101936,41.1477043
3554720446.0,-8.6103969,41.147742
4554570493.0,-8.609166,41.1426633
4554570494.0,-8.6089354,41.1424388
138197779.0,-8.6019667,41.157156
4612602649.0,-8.6049637,41.1431156
4612602651.0,-8.6054192,41.1430165
1788787486.0,-8.6002073,41.1569596
2914925362.0,-8.6217346,41.1499334
2914925366.0,-8.6209479,41.1499897
4559387634.0,-8.6044658,41.1418008
4559354920.0,-8.6038804,41.1421025
473873465.0,-8.6099785,41.1574804
2914696271.0,-8.6108286,41.1523247
2914696272.0,-8.6108785,41.1522982
1416641674.0,-8.6222845,41.1578979
1416641676.0,-8.6225586,41.1580551
4612504729.0,-8.6040159,41.1429785
4612504733.0,-8.6034805,41.1435497
3387931894.0,-8.6019466,41.1472133
4559289602.0,-8.604552,41.1422344
4559191359.0,-8.6061935,41.1420973
2367470972.0,-8.6078242,41.1488375
1390263684.0,-8.6087471,41.1450327
1390263696.0,-8.6106685,41.1451909
4621647256.0,-8.606417,41.1439852
4621647257.0,-8.6061554,41.1444408
4621647258.0,-8.6058213,41.1438614
4621647260.0,-8.606318,41.1439603
6647823794.0,-8.6120289,41.1435653
475413943.0,-8.606457,41.147981
1390263755.0,-8.6100467,41.145901
6647823869.0,-8.6116904,41.1431861
6647823871.0,-8.6115152,41.143293
2207399542.0,-8.6146964,41.1416504
138231423.0,-8.6054819,41.1428869
138231433.0,-8.6088096,41.1431966
4608872451.0,-8.6011358,41.1443197
1874214575.0,-8.6218696,41.1475823
6647824060.0,-8.6080852,41.1448663
6647824061.0,-8.6081027,41.1448455
6647824062.0,-8.608067,41.1448878
6647824072.0,-8.6069038,41.1460544
6647824081.0,-8.6069382,41.1459199
6647824082.0,-8.6069801,41.1460569
411909880.0,-8.6025005,41.1545372
137903870.0,-8.604301,41.1463806
137903872.0,-8.6043415,41.1462979
5849857843.0,-8.6042622,41.1453338
473874237.0,-8.6136559,41.1575774
5849857853.0,-8.5992088,41.1444044
2299608908.0,-8.5999292,41.1426521
2299608924.0,-8.5997264,41.1429148
2211299275.0,-8.6130948,41.1406082
6661619688.0,-8.6174677,41.1448517
2202026008.0,-8.6010061,41.1429969
2202026023.0,-8.6001918,41.1445384
2202026075.0,-8.6033158,41.1461053
2202026085.0,-8.6041955,41.1461368
2202026086.0,-8.6029688,41.1461374
6249234553.0,-8.6067924,41.1584102
2202026116.0,-8.622426,41.1467736
2202026122.0,-8.6226691,41.1469099
2202026125.0,-8.6225397,41.1471247
2214936721.0,-8.6078047,41.1424382
2202026135.0,-8.6222445,41.1474668
2202026143.0,-8.6221503,41.1476444
4737122499.0,-8.620968,41.155971
3891282122.0,-8.6106861,41.1452359
2940944679.0,-8.60537,41.153264
7273201988.0,-8.6058187,41.1527065
7273201989.0,-8.6060039,41.1530066
7273201992.0,-8.6061038,41.1536086
7273201994.0,-8.6056809,41.1529395
335561055.0,-8.6208326,41.1559418
335561064.0,-8.6191649,41.155516
7183974776.0,-8.6004189,41.1514751
7183974777.0,-8.6003999,41.1515917
7183974778.0,-8.6004791,41.1515993
3891282299.0,-8.6105538,41.1458315
7183974779.0,-8.6000332,41.1515562
3891282316.0,-8.6071395,41.1459902
3891282330.0,-8.6067691,41.1469854
2135998880.0,-8.6079566,41.1433923
3891282347.0,-8.6075121,41.14824
2245345711.0,-8.609839,41.1467105
3891282353.0,-8.6062722,41.1483019
4762419635.0,-8.6126267,41.1551049
3891282355.0,-8.6063934,41.1483352
2940944907.0,-8.6051793,41.1534529
2383626819.0,-8.6166652,41.147259
129548927.0,-8.6099838,41.157254
475873985.0,-8.6113031,41.1432957
2367406788.0,-8.607312,41.1500031
2915025611.0,-8.6197054,41.1439159
2367406803.0,-8.6071886,41.1485873
3446686441.0,-8.6183052,41.1530487
3446686443.0,-8.6182597,41.152934
3446686445.0,-8.6174313,41.1530751
3446686446.0,-8.6176276,41.1531451
3446686447.0,-8.6175679,41.153008
4737123058.0,-8.6223075,41.1584211
2367406840.0,-8.6077385,41.1487479
4737123064.0,-8.6224733,41.158384
4737123066.0,-8.6223244,41.1583587
4737123067.0,-8.6224533,41.1583806
4737123070.0,-8.6222299,41.1583426
4737123071.0,-8.6225092,41.1581501
4737123072.0,-8.6222863,41.1581093
4737123065.0,-8.6221943,41.1583365
4921049895.0,-8.6103964,41.1447911
4708680492.0,-8.59936,41.149314
2204255117.0,-8.6087555,41.1416624
3130311623.0,-8.6109178,41.1452785
3130311625.0,-8.6154881,41.1456857
3130311626.0,-8.6112636,41.1480166
3130311627.0,-8.6111388,41.1499902
3130311628.0,-8.6100993,41.150769
6303892467.0,-8.6110211,41.1456871
2319991795.0,-8.6107598,41.1451906
2246296607.0,-8.6152109,41.1469024
2246296620.0,-8.6150806,41.1468093
2202026095.0,-8.6035403,41.1462476
2322744397.0,-8.6048674,41.1472235
2322744401.0,-8.604664,41.1478464
138233064.0,-8.6081326,41.1448801
2927183102.0,-8.6074085,41.1424024
2273244645.0,-8.619594,41.1467273
475546929.0,-8.6104112,41.1473143
2749809974.0,-8.614224,41.1539241
2749809980.0,-8.614016,41.1543025
2109261123.0,-8.6180087,41.1483183
3993126224.0,-8.6094253,41.1475558
129549662.0,-8.6118764,41.1566275
2273244657.0,-8.619551,41.1465423
2926953947.0,-8.6045814,41.1495087
2926953948.0,-8.6046127,41.1495157
4559324711.0,-8.6048887,41.142239
3130312329.0,-8.6108479,41.1504437
3130312331.0,-8.6109568,41.1477412
3130312332.0,-8.6106349,41.149221
137873037.0,-8.6117362,41.1448974
3130312334.0,-8.6113857,41.1493065
3130312335.0,-8.6117878,41.1460319
3130312336.0,-8.6110264,41.1492663
3130312337.0,-8.6156925,41.1454154
3130312338.0,-8.610279,41.1491616
3130312339.0,-8.6111403,41.1468445
3130312340.0,-8.610236,41.1499034
3130312342.0,-8.6102726,41.1519282
3130312343.0,-8.6114857,41.1468841
3130312346.0,-8.6122408,41.1459166
3130312347.0,-8.6108222,41.1458389
3993126557.0,-8.6087196,41.1472873
6540216066.0,-8.6104607,41.1430793
6540216067.0,-8.6104867,41.1430456
6540216071.0,-8.6106946,41.1429362
2208155397.0,-8.6089297,41.1432962
6540216068.0,-8.6104539,41.1430285
129550139.0,-8.6076319,41.155154
2208155475.0,-8.6092989,41.1434697
2904246102.0,-8.6098861,41.1507879
2335393644.0,-8.6069242,41.1470012
2213037941.0,-8.6172129,41.1411656
2213201783.0,-8.6184959,41.1432912
2213037950.0,-8.6175929,41.1411412
2208155543.0,-8.6091108,41.1433466
6537301899.0,-8.6176821,41.1466744
2904508477.0,-8.6100158,41.1518299
6537301911.0,-8.6177011,41.146741
2326546549.0,-8.611664,41.1452305
138233991.0,-8.6080191,41.143301
138234001.0,-8.6031021,41.1426779
4621715682.0,-8.6062026,41.1444566
4621715683.0,-8.6062487,41.1443813
2413971710.0,-8.6184339,41.1498406
2413971717.0,-8.6184763,41.1495511
2413971718.0,-8.6185917,41.1499529
138234198.0,-8.6082129,41.1429961
2243316074.0,-8.6077726,41.1467338
1594804691.0,-8.6024973,41.1432179
1417693657.0,-8.6209651,41.1558145
1417693658.0,-8.6208388,41.1558802
129550851.0,-8.6079339,41.1535881
1594804752.0,-8.5999559,41.1443421
2486815308.0,-8.6198553,41.1445588
2466269903.0,-8.6107827,41.1427061
2914999499.0,-8.6210793,41.1436122
2467211958.0,-8.6076581,41.1425331
345295625.0,-8.6147925,41.1501202
423185164.0,-8.5990569,41.1491025
4077112087.0,-8.6025556,41.1551448
4077112088.0,-8.6027794,41.1551569
2207402779.0,-8.615197,41.140814
2255178540.0,-8.618371,41.1433596
475548530.0,-8.6154811,41.1449087
475876236.0,-8.6111758,41.1445132
475876246.0,-8.6119557,41.1434646
1107381202.0,-8.6064207,41.1561038
286968787.0,-8.6084423,41.1477749
2307247066.0,-8.604498,41.146376
138234852.0,-8.6086529,41.1473934
5673143278.0,-8.6174281,41.1456975
5673143280.0,-8.6165361,41.1454139
5673143281.0,-8.6164476,41.1452292
5673143282.0,-8.6164954,41.1453289
5673143283.0,-8.6171265,41.145412
5673143284.0,-8.6166391,41.1451436
5673143285.0,-8.6170743,41.1452043
5673143286.0,-8.6162276,41.1453252
5673143287.0,-8.6171591,41.1455569
5673143292.0,-8.6169306,41.1463059
5673143308.0,-8.6167615,41.1460413
5673143312.0,-8.616838,41.1462769
5673143313.0,-8.6166439,41.1462581
5673143317.0,-8.6163702,41.1459902
5673143318.0,-8.6163647,41.1459639
5673143320.0,-8.6163317,41.1459161
1110690935.0,-8.6056193,41.155322
2884947122.0,-8.6163351,41.1524062
2205076660.0,-8.6119964,41.1429919
2205076678.0,-8.6111067,41.1433276
2256129227.0,-8.6200243,41.1429187
2205076695.0,-8.6118269,41.143057
2467220702.0,-8.6087722,41.1432613
473877733.0,-8.6139818,41.157641
475549048.0,-8.6155193,41.1431862
4608380289.0,-8.6007574,41.14336
286969224.0,-8.6112107,41.1492871
286969310.0,-8.6135028,41.1456445
475352608.0,-8.6180687,41.1569131
3398946336.0,-8.6098516,41.1406281
286969394.0,-8.615893,41.1429915
2375437871.0,-8.6063821,41.1483704
286969396.0,-8.6162929,41.1429262
3398946395.0,-8.6101328,41.1419331
3398946402.0,-8.6100184,41.1419551
129552044.0,-8.6076504,41.1554359
129552045.0,-8.6076897,41.1567979
129552046.0,-8.6071936,41.157594
1422610108.0,-8.6125987,41.1571319
1422610110.0,-8.6127422,41.157178
475877057.0,-8.6121627,41.143803
2213334724.0,-8.6181679,41.1432917
2245250794.0,-8.6122946,41.1410688
2299622371.0,-8.6000353,41.1433306
2273234730.0,-8.6194663,41.1463168
345296684.0,-8.6151747,41.1480124
345296686.0,-8.6149725,41.1485193
475549495.0,-8.6159262,41.1433932
2273234772.0,-8.6194209,41.1463979
2904248177.0,-8.6096734,41.1510175
2904248187.0,-8.6094434,41.1511266
6537301888.0,-8.6157393,41.1454704
6537301898.0,-8.6175797,41.1467017
6537301895.0,-8.6164751,41.1461578
3696119699.0,-8.6064469,41.150555
3696119701.0,-8.6068677,41.1506833
6537301901.0,-8.6155502,41.145694
6537301912.0,-8.6160339,41.1471554
6537301913.0,-8.6162895,41.1460826
6537301914.0,-8.6164852,41.1462469
6537301918.0,-8.6177838,41.1470961
6537301917.0,-8.6179463,41.1470727
6537301923.0,-8.6174253,41.147163
6537301921.0,-8.6169944,41.1471822
6537301922.0,-8.6163407,41.147083
6537301924.0,-8.6160706,41.1471008
6537301926.0,-8.615257,41.1471105
6537301929.0,-8.6153937,41.1456732
6537301935.0,-8.6144797,41.1459362
6537301940.0,-8.6181827,41.1480721
513920950.0,-8.6007244,41.1579107
6537301947.0,-8.6094842,41.148295
2375798727.0,-8.6062761,41.1483415
2375798733.0,-8.60626,41.1483311
4608872417.0,-8.6009109,41.1440872
4608872425.0,-8.6011134,41.1439401
4608872430.0,-8.601155,41.1443168
4608872439.0,-8.6009086,41.1443512
2829209600.0,-8.6040571,41.1519148
4608872457.0,-8.6012139,41.1443077
6540578841.0,-8.6112323,41.1409722
6540578842.0,-8.6113239,41.1409781
6540578843.0,-8.6117936,41.140926
6540578849.0,-8.6110836,41.1409284
6540578850.0,-8.6110902,41.1409568
6540578852.0,-8.6110664,41.1408489
4720971817.0,-8.6001537,41.1504221
4720971818.0,-8.6000511,41.1503438
4720971819.0,-8.6002559,41.1504236
4720971823.0,-8.6000249,41.1504978
4720971825.0,-8.6001377,41.1504099
4720971829.0,-8.600298,41.1502146
4720971830.0,-8.6017048,41.1489147
4720971839.0,-8.5992615,41.14801
4720971840.0,-8.5991625,41.1478509
4615622731.0,-8.6036256,41.1444699
286969936.0,-8.6153135,41.1425021
286969943.0,-8.6174342,41.1409169
2829209701.0,-8.6035047,41.1519266
286969970.0,-8.6167542,41.1416713
129552512.0,-8.6059452,41.1551925
2413940881.0,-8.6181363,41.1480782
513921171.0,-8.6017745,41.1576615
2829209748.0,-8.6050647,41.1504156
2829209749.0,-8.6048091,41.15095
2829209750.0,-8.605527,41.1505101
2829209747.0,-8.6053983,41.1496976
286970027.0,-8.6171089,41.1412913
513921201.0,-8.6006904,41.157213
513921213.0,-8.6003648,41.1569549
513921226.0,-8.6007643,41.1569948
513921227.0,-8.6009087,41.1562576
513921229.0,-8.6005256,41.1570633
513921231.0,-8.6002336,41.1578056
2300891367.0,-8.6013967,41.1446067
6640652543.0,-8.6089052,41.146085
6640652544.0,-8.6089116,41.1461567
2273202433.0,-8.62002,41.1473254
2273202463.0,-8.6200243,41.1476459
6640652576.0,-8.6089085,41.1461206
1106006327.0,-8.6120989,41.1502687
3690516791.0,-8.6041872,41.1502245
5320167751.0,-8.6067909,41.1470655
5320167752.0,-8.6068695,41.1469569
5320167753.0,-8.6068035,41.1469428
2383270247.0,-8.6173744,41.1491664
475877747.0,-8.611878,41.1441705
3690910080.0,-8.6075321,41.1481448
3690910082.0,-8.6075654,41.1481573
2135871885.0,-8.6079019,41.1436767
2468336140.0,-8.6112519,41.1406929
2468336142.0,-8.6125333,41.1405716
3566326292.0,-8.6004777,41.1510638
2478887464.0,-8.6184259,41.1410788
2478887470.0,-8.6185129,41.1411169
2478887472.0,-8.6182629,41.1412923
2478887497.0,-8.6183463,41.1413301
4608414352.0,-8.6018477,41.1433225
2896384667.0,-8.6108828,41.150737
2896384668.0,-8.6110504,41.1507281
2209960614.0,-8.6146264,41.1433669
2896384685.0,-8.6107099,41.1511088
2896384686.0,-8.610815,41.1511583
2256065290.0,-8.6195602,41.1422586
2875151185.0,-8.6129663,41.1503124
475550561.0,-8.6144971,41.1443107
475550565.0,-8.6149901,41.1448796
6549787513.0,-8.6123116,41.142402
2080756633.0,-8.614278,41.1411531
2222190802.0,-8.6041924,41.1441357
2356335531.0,-8.6145552,41.1421794
2205504451.0,-8.6111678,41.143066
4356494324.0,-8.6056921,41.1497634
4356494327.0,-8.607672,41.1502098
4356494329.0,-8.6073101,41.1501294
4356494331.0,-8.6072398,41.1499838
4356494332.0,-8.6070435,41.1486163
4356494336.0,-8.6070404,41.1500698
2247382026.0,-8.6177779,41.1446835
4558789393.0,-8.6056638,41.1422914
2208617522.0,-8.6104034,41.1459678
1422611542.0,-8.6063851,41.1529973
2326533922.0,-8.6205486,41.143002
2326533923.0,-8.6202682,41.1431969
5865166003.0,-8.6051898,41.1581055
5284385982.0,-8.6189758,41.1549974
5284385985.0,-8.6192752,41.1524145
5284385990.0,-8.6193268,41.1528283
475550923.0,-8.6156467,41.1442858
2208617684.0,-8.6105323,41.1459768
129553665.0,-8.6063294,41.1483178
129553667.0,-8.6068069,41.1470247
2375767343.0,-8.6046489,41.1488706
2375767345.0,-8.6045915,41.1492989
2375767348.0,-8.6047231,41.1485125
1693766965.0,-8.6197477,41.148689
1693766989.0,-8.6191929,41.1486296
6948378048.0,-8.6066681,41.1525047
2208159169.0,-8.6111396,41.1449825
6405838291.0,-8.6076722,41.1504141
129553875.0,-8.6039313,41.1476365
475354599.0,-8.614882,41.1572359
475354600.0,-8.6143979,41.157044
475551223.0,-8.6172122,41.1438466
476009975.0,-8.613694,41.1427108
475551227.0,-8.61585,41.143601
475354682.0,-8.6146103,41.1567428
2247054918.0,-8.6152388,41.1467884
2247054932.0,-8.6151659,41.1471053
2262128243.0,-8.6153165,41.140775
129554083.0,-8.6038217,41.1465342
2307249867.0,-8.6043333,41.1464126
7138039584.0,-8.6122834,41.1425502
2213435188.0,-8.6173664,41.1444941
6795351888.0,-8.615647,41.1456465
6795351891.0,-8.6163582,41.1460908
3396198845.0,-8.6169308,41.1580388
5284452310.0,-8.6154336,41.1570715
3092699113.0,-8.6053647,41.1534544
2247383077.0,-8.6184521,41.145771
2473711658.0,-8.6077154,41.1479117
7069423678.0,-8.6181753,41.1467916
4608841798.0,-8.6010892,41.1438451
129554561.0,-8.602621,41.1472894
4614805773.0,-8.6044704,41.1448778
4614805774.0,-8.6045433,41.1448961
2337036559.0,-8.6087121,41.1474112
2337036563.0,-8.608851,41.1474076
6304127285.0,-8.6116254,41.1427798
6304127293.0,-8.6092335,41.1433815
6304127296.0,-8.6086948,41.1433745
6304127312.0,-8.6096298,41.1435663
6304127313.0,-8.6093619,41.1435233
138238298.0,-8.5990352,41.1479445
475552091.0,-8.616929,41.1424817
138238299.0,-8.5998151,41.1473495
138238303.0,-8.600504,41.1469322
475552096.0,-8.6173996,41.143584
6304127328.0,-8.6093323,41.1437431
6304127326.0,-8.6092957,41.143818
2414401910.0,-8.6196183,41.1483527
2379012473.0,-8.6147494,41.1484845
2414401915.0,-8.6206842,41.1487092
4559198603.0,-8.6041393,41.1424977
4559198606.0,-8.6038713,41.1427249
2463750591.0,-8.6089764,41.1522291
5858646688.0,-8.601223,41.1493329
5858646689.0,-8.601618,41.1493253
5858646690.0,-8.6013783,41.1492925
2912181003.0,-8.6090048,41.1533901
2912181005.0,-8.6090598,41.1534962
2352569134.0,-8.6038569,41.1465926
2352569141.0,-8.60387,41.1471101
2352569158.0,-8.6039276,41.1471325
2375801679.0,-8.6039793,41.1477359
129555296.0,-8.6005721,41.1486869
2300828592.0,-8.6012317,41.1437004
3092601790.0,-8.6109071,41.1450876
3092601795.0,-8.6108404,41.1457821
2273270806.0,-8.6192239,41.1476147
5673147421.0,-8.6163427,41.1459285
5673147422.0,-8.6155223,41.1458166
5673147429.0,-8.6159854,41.1459226
5673147430.0,-8.6159511,41.1458697
5673147437.0,-8.6157238,41.1457277
5673147440.0,-8.6160716,41.1459578
5673147441.0,-8.6160775,41.1459329
5673147442.0,-8.6159277,41.145942
5673147443.0,-8.6159327,41.1459166
5673147444.0,-8.6157832,41.1459257
5673147445.0,-8.6157873,41.1459002
5673147446.0,-8.6156316,41.1459083
5673147447.0,-8.6156369,41.1458832
5673147448.0,-8.6162058,41.145973
5673147449.0,-8.6162101,41.1459479
5673147450.0,-8.6166281,41.1459607
5673147455.0,-8.6165747,41.14602
5673147456.0,-8.6165839,41.1460549
5673147460.0,-8.6169187,41.1458222
5673147461.0,-8.6172322,41.1458564
5673147464.0,-8.6156143,41.145586
5673147465.0,-8.6157932,41.1456089
5673147466.0,-8.6157849,41.1456685
5673147468.0,-8.6163542,41.1454795
5673147472.0,-8.6160096,41.1454203
5673147473.0,-8.6162278,41.1455691
5673147476.0,-8.6158191,41.1455035
5673147493.0,-8.6173123,41.1461995
5673147494.0,-8.6175566,41.1462253
5673147495.0,-8.6175812,41.1463118
5673147496.0,-8.6173335,41.146287
5673147498.0,-8.6169167,41.1463042
2243746971.0,-8.6089463,41.1468941
7315217615.0,-8.612094,41.1426914
2356731134.0,-8.6108532,41.1449213
1274830098.0,-8.6089187,41.1409654
3397147923.0,-8.6104786,41.1437078
3457211714.0,-8.612061,41.145401
138239471.0,-8.6005622,41.144771
4608679529.0,-8.6008894,41.1438711
2383470264.0,-8.6159944,41.1479648
2246172379.0,-8.6144909,41.1459566
5118553684.0,-8.6101435,41.1454226
5118553686.0,-8.6101156,41.1456425
5118553688.0,-8.6102214,41.1455485
4003389246.0,-8.6077918,41.1536105
2273206167.0,-8.6196562,41.1461775
2216386471.0,-8.6071438,41.1413884
2300698551.0,-8.6003966,41.1438953
6542793466.0,-8.6116377,41.1427047
6542793467.0,-8.6116401,41.1427798
6542793470.0,-8.6116445,41.1429089
2256214785.0,-8.6117564,41.1427595
2356764646.0,-8.6106958,41.1441065
2258264053.0,-8.6212746,41.1436894
2300698630.0,-8.6004066,41.1438845
2246139941.0,-8.6135686,41.1459773
2356764710.0,-8.6110162,41.1451982
2356764729.0,-8.6105287,41.1441357
1827037244.0,-8.6225335,41.1439489
2256214804.0,-8.6113448,41.1430379
2208686202.0,-8.6108927,41.1459807
2208686220.0,-8.6108506,41.1459831
2413584529.0,-8.618721,41.1484603
4241285267.0,-8.6018646,41.1557971
4241285268.0,-8.6024617,41.1559079
2413584562.0,-8.6183597,41.1481312
4612022450.0,-8.622077,41.1559315
4612022454.0,-8.6220279,41.1557999
4612022452.0,-8.6219635,41.1556357
4612022469.0,-8.6209435,41.154823
3694747849.0,-8.6054881,41.1519645
3694747850.0,-8.6054668,41.1520068
2335432905.0,-8.6067394,41.1470482
2335432907.0,-8.6067476,41.147057
2413584588.0,-8.618941,41.1481208
2335432919.0,-8.6068163,41.1470698
2413584625.0,-8.6182397,41.1481391
2273206514.0,-8.620008,41.1475798
2413584644.0,-8.6196369,41.1481799
2307219720.0,-8.6018571,41.1456919
2413584650.0,-8.6191538,41.1481427
2307219723.0,-8.601621,41.1456827
2413584654.0,-8.6184623,41.1482722
2307219736.0,-8.6019702,41.1456397
2307219738.0,-8.6017732,41.1456353
2307219747.0,-8.6019317,41.1456427
2413584691.0,-8.6184505,41.1481826
4920992108.0,-8.6084693,41.1457686
6587244969.0,-8.6177439,41.1458649
6587244975.0,-8.6114425,41.1455528
6587244978.0,-8.6117461,41.1455216
2641682868.0,-8.6204078,41.1471652
6587244983.0,-8.6116712,41.1454034
6587244982.0,-8.6115017,41.1453936
3396198846.0,-8.6196529,41.1581316
2641682879.0,-8.6198677,41.1460795
513925568.0,-8.5996357,41.1565559
513925578.0,-8.5993821,41.1568464
452682212.0,-8.6067659,41.1534591
452682218.0,-8.6063287,41.1532747
452682249.0,-8.6100395,41.1522632
2912182796.0,-8.6085809,41.1534902
452682253.0,-8.6099411,41.1539912
2912182800.0,-8.6086427,41.1533886
452682265.0,-8.6096613,41.1516838
5865166001.0,-8.6045356,41.1581327
452682270.0,-8.6100261,41.1531488
2206327336.0,-8.612185,41.1407096
452682282.0,-8.6087035,41.1535469
452682286.0,-8.609951,41.1536176
452682289.0,-8.6100571,41.1536197
452682297.0,-8.6100569,41.1535027
452682300.0,-8.6099822,41.1535029
2206327358.0,-8.6127638,41.1411207
452682304.0,-8.6100412,41.1542141
452682318.0,-8.6080057,41.1533826
2206327390.0,-8.6123156,41.1407782
3694518900.0,-8.6094397,41.1500752
3694518901.0,-8.6093737,41.150069
2352571058.0,-8.6039464,41.1473107
2352603829.0,-8.6078621,41.1487614
2352571062.0,-8.6038919,41.1473339
2915001115.0,-8.6197918,41.1427896
2915001116.0,-8.6186843,41.1418616
4558796673.0,-8.6054539,41.1429419
6497991473.0,-8.6105614,41.1408503
4554482663.0,-8.6124912,41.1424562
4554482664.0,-8.6129585,41.1422936
4554482665.0,-8.6123675,41.1424847
4554482669.0,-8.6130788,41.1427654
138241053.0,-8.5994978,41.1440088
129557542.0,-8.6155816,41.1454688
2976736382.0,-8.6053401,41.1509082
4615759010.0,-8.6034893,41.1439112
2204099858.0,-8.6109694,41.1460621
2466276661.0,-8.6109492,41.1430203
2356503873.0,-8.6153533,41.1417128
2204099938.0,-8.6071805,41.1501006
2204099947.0,-8.6081967,41.1481676
2356503917.0,-8.6166488,41.1417199
2204099951.0,-8.6096241,41.1466801
475555187.0,-8.6165362,41.1418909
2466702735.0,-8.6097295,41.1416428
2204100011.0,-8.610513,41.1461238
2204100015.0,-8.6060507,41.1520981
4562170478.0,-8.6028957,41.1423683
2204100028.0,-8.6094279,41.1487412
6538483485.0,-8.6111456,41.1409468
5056652753.0,-8.6089105,41.140934
5056652754.0,-8.6071207,41.1413362
2086430192.0,-8.6088579,41.1544061
2086430194.0,-8.6094641,41.1544566
6538483487.0,-8.6111535,41.140974
4608517633.0,-8.6018963,41.1444628
2250794612.0,-8.6196993,41.146235
2250794620.0,-8.6195521,41.1461212
2250794621.0,-8.6204201,41.1472196
2250794624.0,-8.6198326,41.1463532
2904549004.0,-8.6095608,41.151371
2904549007.0,-8.6097832,41.1515972
2904549008.0,-8.6104423,41.1513429
2904549010.0,-8.6105064,41.1513742
2255087253.0,-8.617983,41.1446642
2247157407.0,-8.6166918,41.145968
2375804624.0,-8.6049579,41.1479273
475064050.0,-8.6214273,41.1559859
475064052.0,-8.6211787,41.1557817
2247157502.0,-8.6165781,41.1456666
3698157316.0,-8.6030671,41.1488517
3698157314.0,-8.6033915,41.1488311
2247157513.0,-8.6168359,41.1462494
2247157531.0,-8.6173496,41.1463502
2247157553.0,-8.6170133,41.1456733
2247157565.0,-8.6165056,41.1453502
2301095515.0,-8.6029358,41.1451508
2247157568.0,-8.6171947,41.1456937
2258102080.0,-8.6018399,41.1452202
2247157580.0,-8.6168008,41.1460836
2247157585.0,-8.6162073,41.1456352
1548165850.0,-8.6031048,41.1426226
2247157596.0,-8.6172981,41.1461416
2247157645.0,-8.6165895,41.1458483
2247157671.0,-8.6170358,41.1450527
2247157758.0,-8.6155713,41.1455975
129558556.0,-8.6173405,41.1449455
2247157797.0,-8.6174084,41.1463585
2247157847.0,-8.6169025,41.1455214
475392099.0,-8.6125098,41.156639
475392102.0,-8.6125059,41.1567757
2247157867.0,-8.6169715,41.1449949
2247157877.0,-8.6165292,41.1460148
2247157881.0,-8.6162824,41.1457574
3147589758.0,-8.6177727,41.1571638
3147589762.0,-8.6179566,41.1572141
2222393786.0,-8.6043616,41.1452971
1110698243.0,-8.6080435,41.1535825
2213112078.0,-8.6169584,41.1420254
1110698255.0,-8.6111483,41.1535842
1110698259.0,-8.6114608,41.1536317
1110698265.0,-8.6079953,41.1534752
1110698267.0,-8.6047566,41.153471
1110698273.0,-8.6120253,41.1538357
4199180593.0,-8.6144781,41.1410814
1110698299.0,-8.6119799,41.1537227
2366138710.0,-8.6102566,41.1492229
2356308345.0,-8.6139706,41.1415209
1465936268.0,-8.6214801,41.1451538
2488756629.0,-8.6221022,41.1444305
2256038302.0,-8.6197763,41.1427394
129558976.0,-8.6152995,41.1427807
2852022741.0,-8.6147127,41.1509259
2852022760.0,-8.6146645,41.1514546
2852022761.0,-8.6147002,41.1510452
4749945342.0,-8.6122278,41.1581465
2206263822.0,-8.6107573,41.1411078
137882131.0,-8.6049316,41.1440318
2352867950.0,-8.6091185,41.1485055
2356505218.0,-8.6162665,41.1416608
2356505222.0,-8.6166298,41.1416674
2356505224.0,-8.6163187,41.1416617
2356505225.0,-8.6159889,41.1416557
1788784895.0,-8.6197249,41.1423083
4685392590.0,-8.6063516,41.1534669
4562184909.0,-8.60305,41.14224
4685392593.0,-8.60689,41.1534494
4685392596.0,-8.6078512,41.1534557
4685392598.0,-8.611451,41.1535795
7179430617.0,-8.609414,41.1477895
4685392607.0,-8.6132841,41.1549111
4685392618.0,-8.6130226,41.1567137
2213321426.0,-8.6174614,41.1431227
129559333.0,-8.610926,41.1451899
129559334.0,-8.614152,41.1427381
3698158381.0,-8.603747,41.1488086
3698158383.0,-8.6040451,41.1487785
7129787227.0,-8.6110386,41.1452812
5494270820.0,-8.6209338,41.1549431
5494270821.0,-8.6217235,41.1549723
5494270822.0,-8.6209013,41.1553709
5494270825.0,-8.6214902,41.1554489
5494270826.0,-8.6216176,41.1548329
5494270827.0,-8.6220524,41.1548514
5494270828.0,-8.6222586,41.1546613
5494270829.0,-8.621997,41.1547243
5494270830.0,-8.6221674,41.1539979
5494270838.0,-8.622562,41.1558156
2273209212.0,-8.6201465,41.1468816
1788784954.0,-8.6211559,41.1437239
2893310955.0,-8.6108667,41.1506096
7056419949.0,-8.6100412,41.1542404
7056419950.0,-8.6097537,41.1541715
2214936706.0,-8.6076197,41.1424927
4555697400.0,-8.6100529,41.1407124
4555697401.0,-8.6100833,41.1408081
4555697405.0,-8.6103947,41.140666
2261413154.0,-8.611246,41.1497303
2246143327.0,-8.6136031,41.145996
2355621223.0,-8.6109357,41.1409887
2355621221.0,-8.6110783,41.1410067
2355621242.0,-8.611148,41.1409465
2245520803.0,-8.6111721,41.1467061
2245520808.0,-8.6112793,41.1462163
2245520814.0,-8.6115139,41.1467502
1043000754.0,-8.6012999,41.1545392
2355621299.0,-8.6109503,41.1411591
1043000761.0,-8.6005458,41.1545339
6780906960.0,-8.617471,41.1445262
4925189617.0,-8.607402,41.1454153
6497991992.0,-8.6096861,41.14073
2245520901.0,-8.6116026,41.1462632
6497991995.0,-8.6096358,41.1406626
6497992002.0,-8.6097197,41.1407241
6587248189.0,-8.6113211,41.1455461
6587248191.0,-8.6115011,41.1456434
2912153175.0,-8.6099198,41.1519318
5118553691.0,-8.610782,41.146097
5118553690.0,-8.6107821,41.1461065
6587248231.0,-8.6118566,41.1450819
6587248233.0,-8.6116296,41.1452156
6587248234.0,-8.6118784,41.1451128
5118553704.0,-8.6107177,41.1455878
5118553703.0,-8.6101284,41.1455413
2222190244.0,-8.6032203,41.1439953
2222190256.0,-8.6038078,41.1442471
2269310648.0,-8.6216524,41.1450885
2222190281.0,-8.6039504,41.1442064
129953504.0,-8.6207729,41.1565309
129953505.0,-8.6193259,41.1562894
2222190346.0,-8.602999,41.143557
2222190385.0,-8.6036719,41.1439522
2222190409.0,-8.6035453,41.1443219
2222190442.0,-8.6040944,41.1441654
2222190445.0,-8.6033584,41.1439539
2222190482.0,-8.6032981,41.1438308
4595511220.0,-8.6183486,41.1435414
4595511221.0,-8.6182974,41.1440351
4595511222.0,-8.6183012,41.1442715
4595511223.0,-8.6183044,41.1444654
2218389428.0,-8.6051239,41.1436268
2222190523.0,-8.6040464,41.1443974
2218389456.0,-8.6057598,41.1438041
2258300905.0,-8.6216904,41.1436237
2915004401.0,-8.6215808,41.1436959
2258300917.0,-8.6223418,41.1440876
2086432786.0,-8.6175066,41.1469292
2222190611.0,-8.6036704,41.1442862
3696062489.0,-8.6062337,41.1501147
2222190625.0,-8.6027647,41.1445443
25620516.0,-8.6140445,41.1499575
25620518.0,-8.6148131,41.1499245
2222190632.0,-8.6031036,41.143765
25620570.0,-8.6120177,41.152994
2222190697.0,-8.6038556,41.1440145
2222190709.0,-8.6034994,41.1445467
137982073.0,-8.6208838,41.1555625
5336494230.0,-8.6129631,41.1410472
2308862114.0,-8.6016437,41.1473263
2308862117.0,-8.6021759,41.1469724
25620653.0,-8.6119957,41.153597
2222190766.0,-8.6034055,41.1443617
2222190798.0,-8.6035222,41.1439004
2222190811.0,-8.604389,41.1438578
2222190809.0,-8.6038955,41.1444217
25620737.0,-8.6121496,41.1479508
25620743.0,-8.6112856,41.147888
25620747.0,-8.6109422,41.1478426
25620759.0,-8.6121351,41.1487987
5118554430.0,-8.6104071,41.1459256
3688362333.0,-8.6042563,41.1502213
2300801406.0,-8.6010112,41.1436258
7138079111.0,-8.6127843,41.14188
7218786710.0,-8.6041532,41.1498473
7218786711.0,-8.6039274,41.1498584
7218786712.0,-8.6039029,41.149875
7218786713.0,-8.6038929,41.1498441
3694915999.0,-8.6052986,41.1510035
7138079147.0,-8.6124008,41.1434753
5342917065.0,-8.6091553,41.1409062
1209790928.0,-8.6100078,41.1556754
25620947.0,-8.6121861,41.1471763
25620948.0,-8.6133682,41.1475478
25620960.0,-8.6122327,41.1459905
7138079200.0,-8.611194,41.143609
7138079206.0,-8.6111838,41.143565
7138079216.0,-8.611532,41.1429556
2256269811.0,-8.6146519,41.1416189
2256269814.0,-8.6152752,41.1409139
4488753662.0,-8.6085609,41.1478165
2256269823.0,-8.6151628,41.1410497
2256269834.0,-8.6151871,41.1416283
475066897.0,-8.6214029,41.1561364
3690885656.0,-8.6079375,41.1475539
3690885658.0,-8.607852,41.1475078
3978752584.0,-8.6108921,41.1477338
668955253.0,-8.6041353,41.1464541
2273211004.0,-8.6199145,41.1462474
4488753790.0,-8.6017329,41.1429756
4559204998.0,-8.6041001,41.1425935
137884299.0,-8.6032529,41.1455122
4559205013.0,-8.6040624,41.1425181
4610770358.0,-8.6006297,41.1439134
4452315907.0,-8.6009448,41.1481497
4452315908.0,-8.6006058,41.1475418
4452315909.0,-8.6019764,41.147827
4452315911.0,-8.6009268,41.1487529
4452315912.0,-8.6015525,41.1479843
4452315915.0,-8.6019719,41.1476209
4452315932.0,-8.6001927,41.1577949
475394859.0,-8.6120352,41.1567665
137982795.0,-8.6190683,41.1552341
2365191005.0,-8.611227,41.1498242
2365191010.0,-8.6112522,41.1498112
747467619.0,-8.6129916,41.1500295
2884825975.0,-8.6157403,41.1522918
2214917000.0,-8.6085387,41.1430704
2299637256.0,-8.5994492,41.1430076
2076734382.0,-8.6093948,41.1441802
2511270866.0,-8.6182137,41.1447437
2511270884.0,-8.6185946,41.1444337
2511270889.0,-8.6185867,41.1445023
2511270907.0,-8.6182505,41.1447922
2511270915.0,-8.6185222,41.1439296
2511270935.0,-8.6186041,41.1443508
2255778853.0,-8.6182527,41.1414917
2356376620.0,-8.6151896,41.1416896
2356376621.0,-8.6150167,41.1416108
6669923403.0,-8.6195906,41.1431845
3695768659.0,-8.6053861,41.1510094
4555699311.0,-8.6118376,41.1405477
4555699312.0,-8.6103536,41.1407676
4555699314.0,-8.6121691,41.1405041
6669923448.0,-8.6179926,41.1416689
455341194.0,-8.6212708,41.1566109
6669923476.0,-8.6179808,41.1472184
6669923478.0,-8.6178922,41.146831
5320177017.0,-8.6110731,41.1452815
2214753693.0,-8.6138208,41.1459533
2273244634.0,-8.6197496,41.1463579
2273244661.0,-8.6196261,41.1465413
2273244669.0,-8.6197159,41.1467003
2206332502.0,-8.6123383,41.1408575
112686794.0,-8.6093941,41.1408586
2247390934.0,-8.6173499,41.1449765
6946092784.0,-8.5990207,41.1436739
6591739640.0,-8.6092136,41.1425648
2325018379.0,-8.6075789,41.143967
2325018383.0,-8.6076053,41.1439249
2325018389.0,-8.6076771,41.1438168
2325018399.0,-8.6074893,41.144105
6424327981.0,-8.6152686,41.1475476
6424327984.0,-8.6160571,41.1476536
2325018420.0,-8.6076413,41.1438703
2325018422.0,-8.6075165,41.1440616
2325018426.0,-8.6075465,41.1440172
5051610943.0,-8.6103112,41.1432773
5268149590.0,-8.5999699,41.1574426
3690887009.0,-8.6076818,41.147904
4027086691.0,-8.6107808,41.1459858
513925553.0,-8.6001702,41.1566141
5072123827.0,-8.6157636,41.1455277
4614795580.0,-8.6043424,41.1448093
2912188486.0,-8.6080742,41.1526031
126646458.0,-8.6004404,41.1494046
5320177921.0,-8.6109647,41.144967
1386051842.0,-8.614397,41.1482599
1386051845.0,-8.6129898,41.1482679
1386051849.0,-8.6122867,41.1480274
1386051854.0,-8.613128,41.1482774
475396372.0,-8.611899,41.1557432
476018969.0,-8.6122728,41.1410025
476018972.0,-8.6123777,41.1409592
280197437.0,-8.6092463,41.1568007
6507198796.0,-8.6181556,41.1530227
4205377889.0,-8.5991659,41.1419105
476019048.0,-8.6128791,41.1429045
2896394650.0,-8.6111498,41.1534088
5291538848.0,-8.611051,41.1571044
2896394657.0,-8.6111488,41.1535186
3153361321.0,-8.6194195,41.1580285
2896394672.0,-8.6101656,41.151965
2896394680.0,-8.6102521,41.1519485
2896165383.0,-8.6109173,41.1504552
3896080926.0,-8.6147261,41.1501348
2489384254.0,-8.6197527,41.144193
3896080931.0,-8.6130086,41.1502179
3896080933.0,-8.6130005,41.1502576
3896080939.0,-8.6142867,41.1507373
513931856.0,-8.5989796,41.154477
474544816.0,-8.6174617,41.1573976
474544824.0,-8.6168981,41.1582532
7315217614.0,-8.6018692,41.1430591
6497991472.0,-8.6108917,41.1407929
6497991475.0,-8.6111253,41.140842
2300816488.0,-8.6010621,41.143738
4559141799.0,-8.6050001,41.1424084
126647239.0,-8.6004687,41.1505309
3148938210.0,-8.6162647,41.1557746
3148938215.0,-8.6163356,41.1567908
3148938222.0,-8.6162173,41.1565336
126647309.0,-8.6002415,41.1505026
2299624498.0,-8.5998112,41.142951
475561161.0,-8.6182385,41.1433144
3696295126.0,-8.6045769,41.1488891
2489384184.0,-8.6199632,41.1442172
2489384189.0,-8.6199667,41.144269
2489384192.0,-8.6208481,41.1442894
2489384202.0,-8.6197776,41.1442215
2489384215.0,-8.6197529,41.1441143
2489384230.0,-8.620092,41.143987
2245786927.0,-8.6111101,41.1469845
2245786941.0,-8.6114558,41.14704
2245786942.0,-8.6105476,41.1490134
2245786953.0,-8.6111985,41.1490981
1670512103.0,-8.6078073,41.1433637
3690626626.0,-8.6057753,41.1512279
3690626632.0,-8.6057814,41.1511184
3690626634.0,-8.605778,41.1511796
3690626636.0,-8.6057867,41.1514744
3690626645.0,-8.6057815,41.1509683
3857350233.0,-8.6092692,41.1417315
3857350238.0,-8.6091931,41.1426154
4554489448.0,-8.6123549,41.1437168
4554489454.0,-8.6121752,41.1435312
6538483497.0,-8.6110595,41.1410969
6538483499.0,-8.6109518,41.1411851
2242805402.0,-8.6102434,41.150606
128679581.0,-8.620148,41.1460365
6538483504.0,-8.6110694,41.1410976
6538483505.0,-8.6111006,41.1410087
7134805695.0,-8.6155649,41.1456307
7134805696.0,-8.6157506,41.1454971
7134805715.0,-8.6155101,41.1458704
7134805716.0,-8.6155044,41.1458955
7134805722.0,-8.6152391,41.147213
7134805724.0,-8.6149375,41.146774
7134805725.0,-8.6150086,41.1467154
7134805726.0,-8.6151896,41.1466629
7134805727.0,-8.615317,41.1466776
7134805728.0,-8.6152651,41.1466719
7134805730.0,-8.6149724,41.1467442
7134805734.0,-8.6148073,41.1458448
7134805735.0,-8.6147652,41.145788
7134805736.0,-8.6137358,41.1457716
7134805739.0,-8.614906,41.1455957
7134805743.0,-8.6148153,41.145611
7134805750.0,-8.6146954,41.1456365
2489417489.0,-8.6200745,41.1443215
475725587.0,-8.6110407,41.1406618
475725589.0,-8.610486,41.1407471
2489417494.0,-8.6206122,41.1443726
2489417491.0,-8.6197138,41.1442971
7134805798.0,-8.6124312,41.1459156
7134805801.0,-8.6121464,41.145509
7134805803.0,-8.6122476,41.1453786
7134805804.0,-8.612164,41.1453085
7134805807.0,-8.6124082,41.1457768
6621069118.0,-8.6108601,41.1407484
6621069117.0,-8.610872,41.1408205
7134805827.0,-8.6122305,41.1456598
6621069143.0,-8.6109006,41.1407338
6621069146.0,-8.610915,41.1407892
5118558044.0,-8.6115724,41.1452611
6621069166.0,-8.6113468,41.1407376
6621069168.0,-8.6113326,41.1406607
6621069175.0,-8.6114173,41.1406473
2378366840.0,-8.6130338,41.1483345
6621069247.0,-8.6124805,41.140581
6621069248.0,-8.61248,41.1405592
6621069249.0,-8.6125722,41.1405784
6621069250.0,-8.6125706,41.1405321
475791302.0,-8.6128043,41.1457283
475791305.0,-8.6129619,41.1453979
